id,First Name,Last Name,City,ZIP,skills
1,Laurie,Cook,Snowmouth,58896,"['Python', 'C++']"
2,Nicholas,Jones,Christopherberg,50357,"['MongoDB', 'Java', 'JavaScript']"
3,Brianna,Sanchez MD,Woodview,60317,"['React', 'Flask', 'SQL', 'Python']"
4,Richard,Gill,Jonathanville,42587,"['React', 'SQL', 'Flask', 'Java', 'MongoDB']"
5,Victor,Hamilton,East Dannyshire,58540,"['Django', 'Java', 'SQL', 'JavaScript', 'Node.js']"
6,David,Wilson,Alishaland,07087,"['JavaScript', 'C++', 'Django']"
7,Dennis,Alexander,West Jonathan,04758,"['MongoDB', 'C++', 'React', 'Node.js']"
8,John,Garcia,Pageland,75039,"['MongoDB', 'React']"
9,Samuel,Ward,South Scottberg,93278,"['SQL', 'Node.js']"
10,Nicholas,Navarro,Port Brandy,85579,"['Python', 'React', 'Node.js', 'JavaScript']"
11,Cynthia,Butler,Shawntown,43627,"['SQL', 'C++', 'Django', 'Python']"
12,Melissa,Butler,New George,78797,"['JavaScript', 'C++', 'Django', 'Flask', 'Node.js']"
13,Rebecca,Soto,Courtneyfurt,60793,"['Flask', 'Node.js', 'Python', 'React']"
14,Joanna,Gregory,South Melinda,15596,"['Java', 'C++', 'Django']"
15,Cheryl,Jensen,West Jessicaport,85229,"['SQL', 'MongoDB', 'JavaScript']"
16,Nathan,Moore,Port Edward,75479,"['Java', 'C++', 'MongoDB', 'SQL']"
17,Alec,Miller,Cameronmouth,81945,"['JavaScript', 'Django', 'Node.js', 'SQL', 'C++']"
18,Aaron,Thompson,North Angelica,73757,"['C++', 'Django', 'JavaScript', 'MongoDB']"
19,Jessica,Allen,Lake Caitlin,36439,"['Django', 'Node.js', 'SQL', 'React']"
20,Miguel,Parker,Caseyville,50705,"['React', 'C++', 'Flask', 'Django', 'JavaScript']"
21,Matthew,Brown,Mariaton,16966,"['Django', 'React']"
22,Brittany,Green,Anthonybury,80805,"['SQL', 'React', 'Python', 'MongoDB']"
23,Kathryn,Gibson,Lake Sydneyton,60707,"['SQL', 'MongoDB', 'Java']"
24,Jeffrey,Baker,North Stephanie,69772,"['C++', 'Django', 'Node.js']"
25,Kayla,Moses,New Todd,25420,"['Node.js', 'JavaScript', 'Flask', 'SQL']"
26,Christina,Williams,Port Ronald,15451,"['React', 'JavaScript', 'SQL', 'C++', 'MongoDB']"
27,Brian,Mcbride,West Peggyberg,27333,"['Python', 'MongoDB', 'SQL', 'Django', 'C++']"
28,Edward,Roberts,Walkerfurt,21342,"['Node.js', 'Python', 'SQL', 'Java']"
29,Dana,Joyce,Port Brendafurt,85737,"['Node.js', 'C++']"
30,Rodney,Martin,Smithport,51643,"['Python', 'SQL', 'Java']"
31,Justin,Johnson,East Jenniferstad,92066,"['SQL', 'MongoDB', 'Django']"
32,Ryan,Marsh,Candacechester,33571,"['C++', 'Python']"
33,Whitney,Davis,Andersonmouth,92699,"['Django', 'MongoDB', 'React', 'Java']"
34,Melissa,Estrada,New Jamiestad,83318,"['Node.js', 'C++', 'Java', 'JavaScript', 'MongoDB']"
35,Brian,Wilson,North Ryantown,00916,"['React', 'Node.js', 'SQL', 'Java']"
36,Meredith,Reid,Lake Adam,96341,"['Flask', 'Java', 'Node.js', 'SQL']"
37,Lorraine,Cooper,West Rachelside,64761,"['React', 'Django', 'Python', 'MongoDB', 'JavaScript']"
38,Thomas,Mcdonald,South Michaelview,91296,"['Django', 'JavaScript', 'Node.js', 'Java']"
39,Juan,Miller,West Kathryn,46690,"['C++', 'SQL']"
40,David,Chapman,Hilltown,53299,"['JavaScript', 'Java']"
41,Anne,Green,Leahport,21435,"['JavaScript', 'Django']"
42,Amanda,Bennett,Wallacefort,30491,"['Java', 'Node.js', 'JavaScript']"
43,Sheila,White,North Amyview,79113,"['Node.js', 'MongoDB', 'Java']"
44,Crystal,Hudson,Colliermouth,40528,"['Node.js', 'Flask', 'JavaScript', 'Python', 'Java']"
45,John,Jacobson,South Victoria,69063,"['Django', 'JavaScript', 'SQL', 'Flask']"
46,Marvin,Lopez,Nelsonfurt,42611,"['Java', 'Python']"
47,Robert,Miller,New Alexandra,92667,"['Java', 'Flask', 'SQL', 'MongoDB', 'C++']"
48,Terrence,Jones Jr.,Danielport,54048,"['Flask', 'Java']"
49,Jason,Burns,New Rachelborough,68750,"['Node.js', 'JavaScript']"
50,Trevor,Perez,New Joshua,63997,"['React', 'Java', 'C++']"
